part_num,name,dimensions
10202,Tile 6 x 6 with Bottom Tubes,6 x 6 x 1/3
10247,Plate Special 2 x 2 with 1 Pin Hole [Complete Underside Rib],2 x 2 x 1/3
10314,"Brick Curved 1 x 4 x 1 1/3 No Studs, Curved Top with Raised Inside Support",1 x 4 x 1
11002,Plate Special 2 x 2 with Wheels Holder Wide [Reinforced Underside],2 x 2 x 1/3
11153,Slope Curved 4 x 1 No Studs [Stud Holder with Symmetric Ridges],4 x 1
11203,Tile Special 2 x 2 Inverted,2 x 2 x 1/3
11211,Brick Special 1 x 2 with 2 Studs on 1 Side,1 x 2
11212,Plate 3 x 3,3 x 3 x 1/3
11213,Plate Round 6 x 6 with Hole,6 x 6 x 1/3
11215,Bracket 5 x 2 x 1 1/3,5 x 2 x 1 x 1/3
1126,Tile Round 1 x 2,1 x 2 x 1/3
11290,Slope Curved 2 x 8 x 2 Double,2 x 8 x 2
11291,Wedge Curved 3 x 4 x 2/3 Cutout,3 x 4 x 2/3
11301,"Slope, Curved 2 x 8 x 2 Inverted Double",2 x 8 x 2
11399,Plate Special 4 x 4 with Clips Horizontal (thick open O clips),4 x 4 x 1/3
11458,Plate Special 1 x 2 with Pin Hole on Top,1 x 2 x 1/3
11476,Plate Special 1 x 2 with Clip Horizontal on Side,1 x 2 x 1/3
11477,Slope Curved 2 x 1 No Studs [1/2 Bow],2 x 1
12825,Tile Special 1 x 1 with Clip with Rounded Tips,1 x 1 x 1/3
12939,Brick Arch 1 x 6 x 2 - Very Thin Top without Reinforced Underside,1 x 6 x 2
13269,Wedge Sloped 45° 6 x 4 Double / 33° [Train Roof],6 x 4
13349,Wedge Sloped Inverted 4 x 4 Triple [4 Connections between Front Studs],4 x 4
13547,Slope Curved 4 x 1 Inverted,4 x 1
13548,Wedge Sloped 45° 2 x 2 Corner,2 x 2
13731,Brick Curved 10 x 1 [Symmetric Inside Ridges],10 x 1
13965,Brick Arch 1 x 3 x 3 [Gothic],1 x 3 x 3
14395,"Brick Arch 1 x 5 x 4 [Continuous Bow, Raised Underside Cross Supports]",1 x 5 x 4
14413,Wedge 4 x 4 Facet,4 x 4
14417,Plate Special 1 x 2 with 5.9mm Centre Side Towball,1 x 2 x 1/3
14418,Plate Special 1 x 2 5.9mm End Cup,1 x 2 x 1/3
14419,Plate Special 1 x 2 with 5.9mm End Cup and Towball,1 x 2 x 1/3
14704,Plate Special 1 x 2 5.9mm Centre Side Cup,1 x 2 x 1/3
14707,Brick Arch 1 x 12 x 3 Raised Arch,1 x 12 x 3
14716,Brick 1 x 1 x 3,1 x 1 x 3
14719,Tile 2 x 2 Corner,2 x 2 x 1/3
14769,Tile Round 2 x 2 with Bottom Stud Holder,2 x 2 x 1/3
15068,Slope Curved 2 x 2 x 2/3,2 x 2 x 2/3
15070,Plate Special 1 x 1 with Vertical Tooth,1 x 1 x 1/3
15092,Plate 2 x 2 with 2 Pins,2 x 2 x 1/3
15108,Plate Modified 2 x 2 with Pin Hole on Side and Axle Hole on Bottom,2 x 2 x 1/3
15208,Plate Special 1 x 2 with Three Teeth [Tri-Tooth],1 x 2 x 1/3
15209,Tile Special 1 x 2 with Two Vertical Teeth / Tooth,1 x 2 x 1/3
15254,Brick Arch 1 x 6 x 2 - Thin Top without Reinforced Underside [New Version],1 x 6 x 2
15395,Brick Round 2 x 2 Dome Bottom [Open Stud],2 x 2
15397,Plate 3 x 3 Cross,3 x 3 x 1/3
15411,Brick Special 1 x 1 with Stud on Side and Conductive Element on Opposite Side,1 x 1
15440,Plate Special 2 x 2 with Curved Minifig Head Holder,2 x 2 x 1/3
15444,Brick Special 1 x 1 x 2 with Extra Tube Side [Piece of Resistance],1 x 1 x 2
15456,Plate Special 2 x 2 with Towball and Hole,2 x 2 x 1/3
15470,Plate Round 1 x 1 Swirled Top,1 x 1 x 1/3
15533,Brick Special 1 x 4 with Masonry Brick Profile,1 x 4
15535,Tile Round 2 x 2 with Hole,2 x 2 x 1/3
15571,Slope 45° 2 x 1 Triple with Inside Stud Holder,2 x 1
15573,Plate Special 1 x 2 with 1 Stud with Groove and Inside Stud Holder (Jumper),1 x 2 x 1/3
15625,Slope Curved 5 x 8 x 2/3,5 x 8 x 2/3
15672,Slope 45° 2 x 1 with 2/3 Cutout [New Version],2 x 1
15712,Tile Special 1 x 1 with Clip with Rounded Edges,1 x 1 x 1/3
16577,Brick Arch 1 x 8 x 2 Raised,1 x 8 x 2
1744,Cone 3 x 3 x 3 (Elliptic Paraboloid) with Internal Axle Hole,3 x 3 x 3
1745,Plate Round 1 x 2 Half Circle with Stud (Jumper),1 x 2 x 1/3
1746,Tower Roof 4 x 8 x 6 Half Cone Shaped with Roof Tiles,4 x 8 x 6
1748,Tile Round 1 x 2 Half Circle,1 x 2 x 1/3
17485,Brick Round 2 x 2 with Pin Holes,2 x 2
1750,Slope Curved 2 x 2 Inverted,2 x 2
1751,Tile 4 x 4,4 x 4 x 1/3
1762,Slope 33° 2 x 2 Double / Inverted,2 x 2
18585,Brick Special 2 x 4 with Pin Holes and Flywheel Socket [Airjitzu],2 x 4
18649,Plate Special 1 x 2 with Handles on Ends,1 x 2 x 1/3
18653,Brick Arch 1 x 3 x 2 Inverted [Inside Bow],1 x 3 x 2
18671,Bracket 3 x 2 x 1 1/3 with Pin Bottom,3 x 2 x 1 x 1/3
18674,Plate Special Round 2 x 2 with Center Stud (Jumper Plate),2 x 2 x 1/3
18675,Dish 6 x 6 Inverted - No Studs with Handle,6 x 6 x 1/3
18677,Plate Special 1 x 2 with Pin Hole Underneath,1 x 2 x 1/3
1871,Brick Round 1 x 1 x 1 1/3 Quarter Dome,1 x 1 x 1
18759,Slope Inverted 45° 3 x 1 Double with 2 Blocked Open Studs,3 x 1
18838,Brick Arch 1 x 12 x 3 Raised Arch with 5 Cross Supports,1 x 12 x 3
18859,Dish 8 x 8 Inverted [Radar] with Hollow Studs,8 x 8 x 1/3
18897,Brick Round 6 x 6 with 4 Side Pin Holes and Center Hole,6 x 6
18909,Cone Half 6 x 3 x 6 (Elliptic Paraboloid),6 x 3 x 6
18980,Plate Round Corners 2 x 6 Double,2 x 6 x 1/3
1941,"Plate Special 1 x 1 with Hole Through Stud, 3 Bars and 3 Bar Holes",1 x 1 x 1/3
1942,Plate Special 2 x 4 Fresnel Lens,2 x 4 x 1/3
1974,Dome Hemisphere 7 x 7 with 2 Pin Holes [Plain],7 x 7
20310,Brick Special 1 x 1 with Scroll with Open Stud,1 x 1
20482,Tile Round 1 x 1 with Hollow Bar,1 x 1 x 1/3
20612,"Plate Special 1 x 1 with Stud, 3 Bars and 3 Bar Holes",1 x 1 x 1/3
20952,Brick Round 1.5 x 1.5 Dome Top [Plain],5 x 1
20953,Brick Round 2 x 2 Sphere with Stud [Plain],2 x 2
21445,"Plate Special 1 x 2 with Wheel Holder, Single Slit",1 x 2 x 1/3
22385,Tile Special 2 x 3 Pentagonal,2 x 3 x 1/3
22388,Slope 45° 1 x 1 x 2/3 Quadruple Convex [Pyramid],1 x 1 x 2/3
22390,Wedge Sloped 45° 6 x 8 with Pointed Cutout,6 x 8
22391,Wedge Sloped 4 x 4 Pointed,4 x 4
22885,Brick Special 1 x 2 x 1 2/3 with 4 Studs on 1 Side,1 x 2 x 1
22886,Brick 1 x 2 x 3 with Bottom Stud Holder,1 x 2 x 3
22888,Plate Round Half 4 x 8,4 x 8 x 1/3
22890,Plate Special 1 x 2 with End Towball,1 x 2 x 1/3
2306,Slope 33° 3 x 2 with Grooves in Bottom Tubes,3 x 2
2310,Slope 45° 2 x 1 Inverted with 2/3 Cutout,2 x 1
2339,Brick Arch 1 x 5 x 4 [Continuous Bow],1 x 5 x 4
2341,Slope Inverted 45° 3 x 1 Double with 2 Completely Open Studs,3 x 1
2356,Brick 4 x 6,4 x 6
2357,Brick 2 x 2 Corner,2 x 2
2376,Tile Round 2 x 2 - Thin Lifting Ring,2 x 2 x 1/3
23949,Slope 45° 2 x 6,2 x 6
2399,Wedge 3 x 4 [No Stud Notches],3 x 4
2412,Tile Special 1 x 2 Grille without Bottom Groove,1 x 2 x 1/3
2420,Plate 2 x 2 Corner,2 x 2 x 1/3
24201,Slope Curved 2 x 1 Inverted,2 x 1
24246,Tile Round 1 x 1 Half Circle,1 x 1 x 1/3
24309,Slope Curved 3 x 2 No Studs,3 x 2
2431,Tile 1 x 4 with Groove,1 x 4 x 1/3
2432,Tile Special 1 x 2 with Handle,1 x 2 x 1/3
2434,Brick Special 2 x 4 x 2 with Studs on Sides,2 x 4 x 2
2444,Plate Special 2 x 2 with 1 Pin Hole [Split Underside Ribs],2 x 2 x 1/3
24445,Minifig Neck Connector [Tile Special 1 x 2 with Minifig Neck Pin],1 x 2 x 1/3
2445,Plate 2 x 12,2 x 12 x 1/3
2449,Slope Inverted 75° 2 x 1 x 3,2 x 1 x 3
2453,Brick 1 x 1 x 5 with Blocked Open or Hollow Stud,1 x 1 x 5
2454,Brick 1 x 2 x 5 with Blocked Open Studs and Bottom Stud Holder with Asymmetric Ridges,1 x 2 x 5
2456,Brick 2 x 6,2 x 6
2458,Brick Special 1 x 2 with Pin,1 x 2
24599,Brick Round Corner 5 x 5 x 1 with Bottom Cut Outs [No Studs] [1/4 Arch],5 x 5 x 1
2460,Tile Special 2 x 2 with Top Pin,2 x 2 x 1/3
2462,Wedge 3 x 3 Facet,3 x 3
2463,Wedge Sloped 3 x 3 x 2 Facet Top,3 x 3 x 2
2464,Wedge Sloped Inverted 3 x 3 x 2 Facet,3 x 3 x 2
2465,Brick 1 x 16,1 x 16
2476,Plate Special 2 x 2 with Pin on Bottom,2 x 2 x 1/3
24947,Brick Round 2 x 2 x 1 1/3 Inverted,2 x 2 x 1
2508,Plate Special 1 x 2 with Long Towball,1 x 2 x 1/3
25195,Plate 2 x 6 with Pole Holder Pin,2 x 6 x 1/3
25269,Tile Round 1 x 1 Quarter,1 x 1 x 1/3
2539,Plate Special 6 x 6 Octagonal with Square Hole and 4 Clips (Boat Mast Platform),6 x 6 x 1/3
2540,Plate Special 1 x 2 Side Handle [Free Ends],1 x 2 x 1/3
2555,Tile Special 1 x 1 with Clip and Straight Tips,1 x 1 x 1/3
2577,Brick Round Corner 4 x 4 Full Brick,4 x 4
25893,Plate Round 1 x 1 with Hollow Stud and Bar on Underside,1 x 1 x 1/3
26047,Plate Special 1 x 1 Rounded with Handle,1 x 1 x 1/3
26050,Brick Special 1 x 2 x 2 1/3 with Spring Unit,1 x 2 x 2
2622,Wedge Sloped Inverted 8 x 10 x 1 Boat Bow,8 x 10 x 1
2626,Wedge Sloped Inverted 6 x 6 x 1 Boat Bow,6 x 6 x 1
2628,Brick Special 8 x 8 x 2/3 with Four Recessed Edges,8 x 8 x 2/3
2629,Brick Special 8 x 16 x 2/3 with Six Recessed Edges,8 x 16 x 2/3
2639,Plate 4 x 4 Corner,4 x 4 x 1/3
2653,Brick Special 1 x 4 with Groove,1 x 4
2654,Plate Round 2 x 2 with Rounded Bottom [Boat Stud],2 x 2 x 1/3
26597,Brick Special 1 x 2 with Vertical Closed Handle Inset from Edge,1 x 2
26599,Plate Special 2 x 4 Pin Holes on Bottom Dia. 4.85,2 x 4 x 1/3
26603,Tile 2 x 3,2 x 3 x 1/3
26604,Brick Special 1 x 1 with Studs on 2 Adjacent Sides,1 x 1
27167,"Plate Special, 2 x 2 Studs and Bar (Mech Chest Plate / Armor)",2 x 2 x 1/3
27168,"Cockpit 4 x 2 x 3 with Pin Hole, 3 Towballs and 2 Clips",4 x 2 x 3 x 1/3
272,Cone 4 x 4 x 3 with Single Solid Stud,4 x 4 x 3
27255,Plate Special 6 x 6 Hexagonal with Pin Hole,6 x 6 x 1/3
27259,"Plate, Modified 1 x 2 with Large Axe Head",1 x 2 x 1/3
27261,Plate Special 2 x 3 with Rocks,2 x 3 x 1/3
27263,Tile Special 2 x 2 Corner with Cut Corner - Facet,2 x 2 x 1/3
27266,Brick Round 2 x 2 Special with Spikes,2 x 2
2730,Technic Brick 1 x 10 [9 Pin Holes],1 x 10
2744,Technic Slope Long 1 x 6 with 3 Pin Holes,1 x 6
27507,"Tile 4 x 4 Curved, Macaroni",4 x 4 x 1/3
27925,"Tile 2 x 2 Curved, Macaroni",2 x 2 x 1/3
27976,Slide Straight 4 x 6 x 6,4 x 6 x 6
2817,Plate Special 2 x 2 with 2 Pin Holes,2 x 2 x 1/3
28192,Slope 45° 2 x 1 with 2/3 Inverted Cutout and no stud,2 x 1
2832,"Brick Special 2 x 8 x 5/6 with No Top Studs, and Channel on Ends, and Stud Holes on Sides",2 x 8 x 5/6
2833,Brick Special 1 x 8 x 5/6 with No Top Studs and Channel on Ends,1 x 8 x 5/6
28598,Cone 2 x 2 x 3 Jagged,2 x 2 x 3
2875,Slope 45° 2 x 6 x 2/3,2 x 6 x 2/3
2876,Wedge Sloped 45° 6 x 6 Double / 33° [Train Roof End],6 x 6
2877,Brick Special 1 x 2 with Grill,1 x 2
29096,Cone Half 10 x 5 x 6 [Plain],10 x 5 x 6
29115,Wedge Sloped Inverted 6 x 6 x 1 Triple,6 x 6 x 1
29119,Slope Curved 2 x 1 with Stud Notch Right,2 x 1
29120,Slope Curved 2 x 1 with Stud Notch Left,2 x 1
2921,Brick Special 1 x 1 with Handle,1 x 1
2926,Plate Special 1 x 4 with Wheels Holder,1 x 4 x 1/3
2937,Slope 55° 1 x 6 x 5 with Bottom Stud Holders,1 x 6 x 5
29540,"Brick, Soft 2 x 2",2 x 2
29541,"Brick, Soft 2 x 4",2 x 4
30000,Brick Special 2 x 2 with 2 Pins and Axle Hole,2 x 2
3001,Brick 2 x 4,2 x 4
3001d,Brick 2 x 4 with Old Logo on Studs and without Cross Supports,2 x 4
3001e,Brick 2 x 4 with Slotted Bottom Tubes,2 x 4
3001mi,Minitalia Brick 2 x 4 with Bottom Tubes,2 x 4
3002,Brick 2 x 3,2 x 3
3002d,"Brick 2 x 3 without Bottom Tubes, Slotted (with 1 slot)",2 x 3
3002e,Brick 2 x 3 with 2 Slots on Short Sides,2 x 3
3002f,Brick 2 x 3 with 2 Slots Right,2 x 3
3002g,Brick 2 x 3 with 2 Slots Left,2 x 3
3003,Brick 2 x 2,2 x 2
30033,Plate Special 2 x 2 with Bar Frame Octagonal,2 x 2 x 1/3
3003d,"Brick 2 x 2 without Bottom Tubes, Slotted (with 2 slots, opposite)",2 x 2
3003e,"Brick 2 x 2 without Bottom Tubes, Slotted (with 2 slots, right)",2 x 2
3003mi,Minitalia Brick 2 x 2 with Bottom Tube,2 x 2
3004,Brick 1 x 2,1 x 2
30043,Plate Special 1 x 4 with Arm Down,1 x 4 x 1/3
3005,Brick 1 x 1,1 x 1
3006,Brick 2 x 10,2 x 10
30062,Plate Special 6 x 6 Octagonal with Opening,6 x 6 x 1/3
3007,Brick 2 x 8,2 x 8
30072,Brick 12 x 24,12 x 24
30075,Brick Curved 2 x 6 x 3 Triple Curved Bottom,2 x 6 x 3
3007d,"Brick 2 x 8 without Bottom Tubes, 1 End Slot",2 x 8
3007e,"Brick 2 x 8 without Bottom Tubes, 2 End Slots",2 x 8
3007mi,Minitalia Brick 2 x 8 with Bottom X Supports,2 x 8
3008,Brick 1 x 8,1 x 8
3009,Brick 1 x 6,1 x 6
30094,Plate Special 2 x 2 with Bar Frame Square,2 x 2 x 1/3
30099,Brick Arch 1 x 5 x 4 Inverted,1 x 5 x 4
3010,Brick 1 x 4,1 x 4
30136,Brick Special 1 x 2 Palisade [aka Log],1 x 2
30137,Brick Special 1 x 4 Palisade [aka Log],1 x 4
30144,Brick 2 x 4 x 3,2 x 4 x 3
30145,Brick 2 x 2 x 3,2 x 2 x 3
30151,Brick Round 2 x 2 x 1 2/3 Dome Top [Undetermined Stud],2 x 2 x 1
30157,Plate Special 2 x 4 with Pins,2 x 4 x 1/3
30165,Brick Curved 2 x 2 with Two Top Studs,2 x 2
30180,Slope 45° 10 x 2 x 2 Double,10 x 2 x 2
30181,Wedge 4 x 10 with Cut Corner,4 x 10
30182,Slope 45° 4 x 4,4 x 4
30183,Slope Inverted 45° 6 x 4 Double with Recessed Center,6 x 4
3020,Plate 2 x 4,2 x 4 x 1/3
30201,Panel 10 x 10 x 2 2/3 Quarter Saucer Base,10 x 10 x 2
30208,Dome Hemisphere 4 x 4 Multifaceted,4 x 4
3021,Plate 2 x 3,2 x 3 x 1/3
3022,Plate 2 x 2,2 x 2 x 1/3
3023,Plate 1 x 2,1 x 2 x 1/3
30236,Brick Special 1 x 2 with Handle,1 x 2
30237,Brick Special 1 x 2 with Vertical Clip [Thick U Clip],1 x 2
3024,Plate 1 x 1,1 x 1 x 1/3
30249,Slope 55° 1 x 6 x 5,1 x 6 x 5
30256,Tile Special 2 x 2 with Bar and Stud,2 x 2 x 1/3
30257,Brick Arch 1 x 6 x 6,1 x 6 x 6
3026,Plate 6 x 24,6 x 24 x 1/3
3027,Plate 6 x 16,6 x 16 x 1/3
30272,Brick Arch 2 x 12 x 6 with Grooves,2 x 12 x 6
30274,Brick Special 2 x 3 x 3 with Cutout and Lion Head [Hollow Studs],2 x 3 x 3
3028,Plate 6 x 12,6 x 12 x 1/3
3029,Plate 4 x 12,4 x 12 x 1/3
30296,Brick Arch 2 x 14 x 2 1/3,2 x 14 x 2
30299,Wedge Sloped Inverted 12 x 10 x 2 2/3 Cockpit,12 x 10 x 2
3030,Plate 4 x 10,4 x 10 x 1/3
3031,Plate 4 x 4,4 x 4 x 1/3
3032,Plate 4 x 6,4 x 6 x 1/3
3033,Plate 6 x 10,6 x 10 x 1/3
3034,Plate 2 x 8,2 x 8 x 1/3
3035,Plate 4 x 8,4 x 8 x 1/3
30350,Tile Special 2 x 3 with 2 Clips [Angled Clips],2 x 3 x 1/3
30357,Plate Round Corner 3 x 3,3 x 3 x 1/3
3036,Plate 6 x 8,6 x 8 x 1/3
30360,Cylinder 3 x 6 x 2 2/3 Horizontal Hollow Studs,3 x 6 x 2
30361,Brick Round 2 x 2 x 2 Robot Body - without Bottom Axle Holder,2 x 2 x 2
30363,Slope 18° 4 x 2,4 x 2
30367,Brick Round 2 x 2 Dome Top - Blocked Open Stud without Bottom Axle Holder,2 x 2
3037,Slope 45° 2 x 4,2 x 4
30373,Slope Inverted 65° 6 x 6 x 2 Quad with Cutouts,6 x 6 x 2
3037f,Slope 45° 2 x 4 Transparent 'Frosted' Horizontal Line,2 x 4
3038,Slope 45° 2 x 3,2 x 3
30382,Wedge Sloped 2 x 16 Triple,2 x 16
3039,Slope 45° 2 x 2,2 x 2
30390,Slope Inverted 45° 4 x 2 Double with Pins and Axle Hole Type 1 [+ Opening],4 x 2
3039f,Slope 45° 2 x 2 Transparent 'Frosted' Interior,2 x 2
30400,Brick 4 x 18,4 x 18
3040,Slope 45° 2 x 1 without Bottom Pin,2 x 1
3041,Slope 45° 2 x 4 Double,2 x 4
30414,Brick Special 1 x 4 with 4 Studs on One Side,1 x 4
3042,Slope 45° 2 x 3 Double,2 x 3
3043,Slope 45° 2 x 2 Double,2 x 2
3044,Slope 45° 2 x 1 Double without Bottom Pin,2 x 1
3045,Slope 45° 2 x 2 Double Convex,2 x 2
3046,Slope 45° 2 x 2 Double Concave,2 x 2
30474,Slope 33° 3 x 2 Smooth,3 x 2
3048,Slope 45° 2 x 1 Triple with Hollow Underside,2 x 1
3049,Slope 45° 2 x 1 Double / Inverted with Bottom Tube,2 x 1
3049d,Slope 45° 2 x 1 Double / Inverted with Bottom Stud Holder,2 x 1
30505,Wedge 3 x 3 Cut Corner,3 x 3
30520,Brick Special 2 x 8 with Axle hole at each End,2 x 8
30526,"Brick Special 1 x 2 with 2 Pins, Round Pin Holes",1 x 2
30528,Brick Arch 1 x 8 x 6 [Portal],1 x 8 x 6
30535,Engine 2 x 4 x 4,2 x 4 x 4
30562,"Panel 4 x 4 x 6 Quarter Cylinder with Stain Glass Window, Wood Panels/Beams",4 x 4 x 6
30565,Plate Round Corner 4 x 4,4 x 4 x 1/3
30586,Plate Special 2 x 8 with Door Rail,2 x 8 x 1/3
3058,Plate Special 6 x 16 with Motor Cutout Narrow,6 x 16 x 1/3
30598,Brick Special 2 x 2 Racer Driver Round Head (Plain),2 x 2
30599,Brick Special 2 x 2 Racer Driver Square Head (Plain),2 x 2
30600,Brick Curved 2 x 2 x 1 with Wings [Plain],2 x 2 x 1
30601,Brick Sloped 2 x 2 No Studs with Angled Side Block Extensions,2 x 2
30602,"Slope Curved 2 x 2 with Lip, No Studs",2 x 2
30603,"Slope 2 x 2 No Studs, with 3 Side Pistons Raised Edges",2 x 2
30613,Brick Arch 3 x 6 x 5 Ornamented,3 x 6 x 5
30614,Roof Piece 6 x 6 x 3 Peaked,6 x 6 x 3
3062,Brick Round 1 x 1 Solid Stud,1 x 1
3063,Brick Round Corner 2 x 2 Macaroni without Stud Notch,2 x 2
30645,Brick Special 12 x 12 Base with 4 Corner Pegs,12 x 12
3065,Brick 1 x 2 without Bottom Tube,1 x 2
3066,Brick 1 x 4 without Bottom Tubes,1 x 4
3067,Brick 1 x 6 with No Bottom Tubes,1 x 6
3068,Tile 2 x 2 without Groove,2 x 2 x 1/3
3069,Tile 1 x 2 without Groove,1 x 2 x 1/3
3070,Tile 1 x 1 without Groove,1 x 1 x 1/3
30971,Tile Special 2 x 3 Pentagonal Dummy for 70372,2 x 3 x 1/3
3134,Brick Special 1 x 2 with Cable Holding Cutout,1 x 2
3170,Plate Special 1 x 2 with 2 End Towballs,1 x 2 x 1/3
3172,Plate Special 1 x 2 with Pin Hole On Side,1 x 2 x 1/3
3176,Plate Special 3 x 2 with Hole,3 x 2 x 1/3
31760,Plate Special 3 x 2 with Hole (Train Coupler Closed) with Hook,3 x 2 x 1/3
31769,"Plate Special 3 x 2 with Hole with Metal Ring, Plastic Hoop (Key Chain)",3 x 2 x 1/3
3183,"Plate Special 1 x 4 with Towball Socket, Long, 2 Slots",1 x 4 x 1/3
3184,Plate Special 1 x 4 with Towball,1 x 4 x 1/3
32000,Technic Brick 1 x 2 [2 Pin Holes],1 x 2
32001,Technic Plate 2 x 6 [5 Holes],2 x 6 x 1/3
32018,Technic Brick 1 x 14 [13 Pin Holes],1 x 14
32028,Plate Special 1 x 2 with Door Rail,1 x 2 x 1/3
3204,Plate Special 2 x 2 with Sphere Holder,2 x 2 x 1/3
32064,Technic Brick 1 x 2 with Axle Hole Type 1 [+ Opening] and Bottom Pin,1 x 2
32083,Slope 45° 6 x 4 Double [aka Train Roof],6 x 4
32084,Wedge Sloped 6 x 8 Cutout,6 x 8
3220,Brick Curved 3 x 3 with Cutout,3 x 3
32333,Technic Pin Connector Block 1 x 5 x 3,1 x 5 x 3
3245,Brick 1 x 2 x 2 with Center Pin [Plain],1 x 2 x 2
3262,Brick Round 2 x 2 Dome Top - Vented Stud with Bottom Axle Holder x Shape + Orientation,2 x 2
32627,Plate Special Round 4 x 4 with 2 Studs [Plain],4 x 4 x 1/3
32739,Slope 4 x 6 x 2/3 Double,4 x 6 x 2/3
32803,Slope Curved 2 x 2 x 2/3 Inverted,2 x 2 x 2/3
32828,Plate Round 1 x 1 with Hollow Stud and Horizontal Bar 1L,1 x 1 x 1/3
32952,Brick Special 1 x 1 x 1 2/3 with Studs on 1 Side,1 x 1 x 1
3297,Slope 33° 3 x 4,3 x 4
3297mi,Minitalia Slope 33° 3 x 4 with Bottom X Supports,3 x 4
3298,Slope 33° 3 x 2,3 x 2
3298mi,Minitalia Slope 33° 3 x 2 with Bottom X Supports,3 x 2
3299,Slope 33° 2 x 4 Double,2 x 4
3299mi,Minitalia Slope 33° 2 x 4 Double with Bottom X Supports,2 x 4
3300,Slope 33° 2 x 2 Double,2 x 2
3307,Brick Arch 1 x 6 x 2 - Thick Top with Reinforced Underside,1 x 6 x 2
3308,Brick Arch 1 x 8 x 2,1 x 8 x 2
33215,Roof / Tower 6 x 8 x 9,6 x 8 x 9
33230,Brick Round Corner 16 x 16,16 x 16
33243,Brick Curved 1 x 3 x 2,1 x 3 x 2
33287,Brick Round 2 x 2 x 2 Dome Top with Cross Cut Slots,2 x 2 x 2
33798,Tile Special 2 x 3 Pentagonal Dummy for 70373,2 x 3 x 1/3
3388,Wedge Sloped 1 x 5 x 1 1/3 Left,1 x 5 x 1
3389,Wedge Sloped 1 x 5 x 1 1/3 Right,1 x 5 x 1
33909,Plate Special 2 x 2 with Only 2 studs,2 x 2 x 1/3
3395,Tile Special 2 x 4 Inverted,2 x 4 x 1/3
3396,Tile Special 2 x 2 with 2 Quarter Round Cutouts,2 x 2 x 1/3
34103,Plate Special 1 x 3 with 2 Studs with Groove and Inside Stud Holder (Jumper),1 x 3 x 1/3
3455,Brick Arch 1 x 6,1 x 6
3456,Plate 6 x 14,6 x 14 x 1/3
3460,Plate 1 x 8,1 x 8 x 1/3
34816,Brick Special 1 x 2 with Vertical Closed Handle on Edge,1 x 2
3491,Plate Special 2 x 5 with Towball Socket,2 x 5 x 1/3
35011,"BYGGLEK Lid, 32 x 44 x 2",32 x 44 x 2
35016,"BYGGLEK Lid, 11 x 16 x 1",11 x 16 x 1
35019,"BYGGLEK Lid, 16 x 22 x 1",16 x 22 x 1
3504,Wedge Sloped 2 x 5 Left,2 x 5
3505,Wedge Sloped 2 x 5 Right,2 x 5
35199,"BYGGLEK Lid, 22 x 32 x 2",22 x 32 x 2
3524,Slope Curved 4 x 5 x 1 2/3 with Captain America Face print,4 x 5 x 1
3536,"Plate Special 4 x 7 with 3 Slopes, Wedges, 3 Axle Holes",4 x 7 x 1/3
35394,Dish 4 x 4 Inverted with Open Stud [Radar],4 x 4 x 1/3
35442,Plate Special 2 x 2 Splat Gear with 6 Teeth,2 x 2 x 1/3
35443,Plate Special 4 x 4 Splat Gear with 10 Teeth,4 x 4 x 1/3
35446,Plate Special 6 x 6 Splat Gear with 14 Teeth,6 x 6 x 1/3
35459,Tile Special 1 x 3 Inverted with Center Hole,1 x 3 x 1/3
35464,Slope Double 45° 1 x 1,1 x 1
35470,Plate Special 3 x 5 Cloud with 3 Center Studs,3 x 5 x 1/3
35473,"Plate, Flower 4 x 4 Rounded Petals with Center Stud",4 x 4 x 1/3
35477,Brick Curved 3 x 1 with Round Ends,3 x 1
35480,Plate Special 1 x 2 Rounded with 2 Open Studs,1 x 2 x 1/3
35563,Tower Roof 2 x 4 x 4 Half Cone Shaped with Roof Tiles,2 x 4 x 4
3563,"Brick Curved 1 x 2 x 2/3 Double Curved Top, No Studs",1 x 2 x 2/3
35649,Tile Special 1 x 2 Diamond Plain,1 x 2 x 1/3
3567,Tile Special Round 2 x 2 Inverted,2 x 2 x 1/3
3569,Cone 4 x 4 x 3 with Axle Hole,4 x 4 x 3
3572,Brick Arch 1 x 5 x 2,1 x 5 x 2
3573,Brick Curved 1 x 4 x 1 2/3,1 x 4 x 1
35787,Tile 45° Cut 2 x 2,2 x 2 x 1/3
3581,Brick Special 1 x 1 x 2 with Shutter Holder,1 x 1 x 2
3622,Brick 1 x 3,1 x 3
3623,Plate 1 x 3,1 x 3 x 1/3
3659,Brick Arch 1 x 4,1 x 4
3660,"Slope Inverted 45° 2 x 2 [Ovoid Bottom Pin, Bar-sized Stud Holes]",2 x 2
3661,Plate Round 1 x 1 with Vertical Bar,1 x 1 x 1/3
3665,Slope Inverted 45° 2 x 1,2 x 1
3666,Plate 1 x 6,1 x 6 x 1/3
3675,Slope 33° 3 x 3 Double Convex,3 x 3
3676,Slope Inverted 45° 2 x 2 Double Convex,2 x 2
3678,Slope 65° 2 x 2 x 2 Smooth without Bottom Tube,2 x 2 x 2
3684,Slope 75° 2 x 2 x 3 [Hollow Studs],2 x 2 x 3
3685,Slope 75° 2 x 2 x 3 Double Convex,2 x 2 x 3
3688,Slope 75° 2 x 2 x 2 Quadruple Convex,2 x 2 x 2
3700,Technic Brick 1 x 2 [1 Pin Hole],1 x 2
3701,Technic Brick 1 x 4 [3 Pin Holes],1 x 4
3702,Technic Brick 1 x 8 [7 Pin Holes],1 x 8
3703,Technic Brick 1 x 16 [15 Pin Holes],1 x 16
3709,Technic Plate 2 x 4 [3 Holes],2 x 4 x 1/3
3710,Plate 1 x 4,1 x 4 x 1/3
3730,"Plate Special 2 x 2 with Towball Socket, Short, 4 Slots",2 x 2 x 1/3
3731,Plate 2 x 2 with Towball,2 x 2 x 1/3
37352,Brick Curved 1 x 2 x 1 No Studs,1 x 2 x 1
3738,Technic Plate 2 x 8 [7 Holes],2 x 8 x 1/3
37452,Brick Special 1 x 2 x 2 with Photo Clip,1 x 2 x 2
3747,Slope Inverted 33° 3 x 2 [No Connections between Studs],3 x 2
3754,Brick 1 x 6 x 5,1 x 6 x 5
3755,Brick 1 x 3 x 5 without Side Supports,1 x 3 x 5
3766,Plate Round 4 x 6,4 x 6 x 1/3
3794,Plate Special 1 x 2 with 1 Stud without Groove (Jumper),1 x 2 x 1/3
3795,Plate 2 x 6,2 x 6 x 1/3
38317,Cone Half 2 x 4 x 3,2 x 4 x 3
3832,Plate 2 x 10,2 x 10 x 1/3
3839,"Plate Special 1 x 2 with Handles [Round Ends, Mid Attachment]",1 x 2 x 1/3
38583,Brick Special Arch 1 x 2 Jumper,1 x 2
38585,Brick Special Arch 1 1/2 x 1 1/2 Corner,1/2 x 1
3894,Technic Brick 1 x 6 [5 Pin Holes],1 x 6
3895,Technic Brick 1 x 12 [11 Pin Holes],1 x 12
39268,Brick 1 x 5 x 2,1 x 5 x 2
3939,Slope 33° 3 x 6,3 x 6
3941,Brick Round 2 x 2 with Axle Hole,2 x 2
3942,Cone 2 x 2 x 2 [Undetermined Stud Type],2 x 2 x 2
3943,Cone 4 x 4 x 2 [No Axle Hole],4 x 4 x 2
3958,Plate 6 x 6,6 x 6 x 1/3
3960,Dish 4 x 4 Inverted [Radar],4 x 4 x 1/3
3961,Dish 8 x 8 Inverted [Radar],8 x 8 x 1/3
39611,Plate Special 5-Point Star 4 x 4 2/3 with One Stud,4 x 4 x 1/3
39739,Tile 1 x 1 Heart,1 x 1 x 1/3
39767,Plate Special 2 x 2 with Wheels Holder Wide [Reinforced Underside Type 2],2 x 2 x 1/3
39789,Brick Special 2 x 4 with 3 Axle Holes,2 x 4
4025,Tile Special 6 x 4 with Beveled Edges and 5mm Pin (Train Bogie Plate),6 x 4 x 1/3
4032,Plate Round 2 x 2 with Axle Hole Type 1 (+ Opening),2 x 2 x 1/3
4045,"Brick Curved 1 x 4 x 1, Curved Sides",1 x 4 x 1
40687,"Plate Special 2 x 4 with Pins, Reinforced",2 x 4 x 1/3
4070,Brick Special 1 x 1 with Headlight and No Slot,1 x 1
4081,Plate Special 1 x 1 with Clip Light [Thin Ring],1 x 1 x 1/3
4085,Plate Special 1 x 1 with Clip Vertical [Thin Open O Clip],1 x 1 x 1/3
4088,Brick Curved 1 x 4 x 2 Centre Stud Top [aka Fabuland Radiator],1 x 4 x 2
4092,Tile Special 6 x 4 with Beveled Edges and 7mm Pin (Train Bogie Plate),6 x 4 x 1/3
40996,Brick Curved 1 x 4 with Sloped Ends and Two Top Studs,1 x 4
41324,Brick Special 1 x 4 x 6 with Flywheel Socket (Helicopter),1 x 4 x 6
4150,Tile Round 2 x 2 with Bottom Cross,2 x 2 x 1/3
4151,Plate Special 8 x 8 with Grille [Undetermined Center],8 x 8 x 1/3
41539,Plate 8 x 8,8 x 8 x 1/3
4161,Slope 33° 3 x 3,3 x 3
4162,Tile 1 x 8 with Groove,1 x 8 x 1/3
41685,Plate Special 2 x 2 with Pixelated Trans-Orange Flames Pattern,2 x 2 x 1/3
41740,Plate Special 1 x 4 with 2 Studs with Groove [New Underside],1 x 4 x 1/3
41747,Wedge Curved 6 x 2 Right,6 x 2
41748,Wedge Curved 6 x 2 Left,6 x 2
41749,Wedge Curved 8 x 3 x 2 Open Right,8 x 3 x 2
4175,Plate Special 1 x 2 with Ladder,1 x 2 x 1/3
41750,Wedge Curved 8 x 3 x 2 Open Left,8 x 3 x 2
41764,Wedge Curved Inverted 6 x 2 Right,6 x 2
41765,Wedge Curved Inverted 6 x 2 Left,6 x 2
41766,Brick Curved 8 x 2 x 2,8 x 2 x 2
41767,Wedge 4 x 2 Right,4 x 2
41768,Wedge 4 x 2 Left,4 x 2
41819,Sports Field Section 8 x 16 with Horizontal Slot,8 x 16 x 1/3
41855,Brick Curved 2 x 2 x 2/3 Two Studs and Lip End,2 x 2 x 2/3
41862,Plate Special 2 x 2 with Grills,2 x 2 x 1/3
4190,"Plate Special 2 x 2 with Double Inverted Curve, 1 Stud",2 x 2 x 1/3
41948,Plate 8 x 8 with Rounded End,8 x 8 x 1/3
4201,Brick 8 x 8,8 x 8
4202,Brick 4 x 12,4 x 12
42021,Wedge Curved Inverted 8 x 6 x 2 Cockpit,8 x 6 x 2
42022,Brick Curved 6 x 1,6 x 1
42023,Brick Curved 6 x 1 Inverted,6 x 1
4204,Brick 8 x 16,8 x 16
42060,Wedge Curved 12 x 3 Right,12 x 3
42061,Wedge Curved 12 x 3 Left,12 x 3
4216,Brick Special 1 x 2 with Groove,1 x 2
4217,Brick Special 1 x 14 Grooved,1 x 14
422,Plate Modified 2 x 2 with Small Holes for Metal Axle,2 x 2 x 1/3
4228,Slope Inverted 33° 5 x 6 x 2,5 x 6 x 2
42484,Brick Round Corner 12 x 12 with 3 Missing Bottom Tubes,12 x 12
42608,"Plate Special 2 x 4 Thin 4 Holes, Struts and 2 Pins [Undercarriage]",2 x 4 x 1/3
42609,Wedge Plate 16 x 16 x 1 with 4 Pins,16 x 16 x 1 x 1/3
4282,Plate 2 x 16,2 x 16 x 1/3
4285,"Dish 6 x 6 Inverted, Radar / Webbed [No Anti-studs]",6 x 6 x 1/3
4286,Slope 33° 3 x 1,3 x 1
42862,Wedge Sloped 45° 3 x 3 Left,3 x 3
42863,Wedge Sloped Inverted 16 x 4 x 1 1/3 Cockpit,16 x 4 x 1
4287,Slope Inverted 34° 3 x 1 without Internal Stopper,3 x 1
42918,Slope Curved 8 x 2 No Studs,8 x 2
42901,"Brick Special, 2 x 4, Train Sliding Wheel Holder Brick",2 x 4
43708,Wedge Sloped 18° 4 x 4 Corner,4 x 4
43710,Wedge Sloped 4 x 2 Triple Left,4 x 2
43711,Wedge Sloped 4 x 2 Triple Right,4 x 2
43712,Wedge Curved 6 x 4 Triple,6 x 4
43713,Wedge Curved Inverted 6 x 4,6 x 4
43720,Wedge Sloped 45° 4 x 2 Right,4 x 2
43721,Wedge Sloped 45° 4 x 2 Left,4 x 2
43898,Dish 3 x 3 Inverted [Radar],3 x 3 x 1/3
43979,Wedge Plate Special 12 x 12,12 x 12 x 1/3
44126,Brick Curved 6 x 2,6 x 2
44359,Dome Hemisphere 3 x 3 Ball Turret,3 x 3
44375,Dish 6 x 6 Inverted (Radar) with Hollow Studs,6 x 6 x 1/3
4445,Slope 45° 2 x 8,2 x 8
44511,Tower Roof 8 x 12 x 10 Onion Dome,8 x 12 x 10
4460,Slope 75° 2 x 1 x 3 with Open Stud,2 x 1 x 3
44665,Brick Special 4 x 12 x 4 - Plane Bottom,4 x 12 x 4
44675,Slope Curved 2 x 2 No Studs - 3 Recessed Side Ports,2 x 2
4477,Plate 1 x 10,1 x 10 x 1/3
44861,Plate Special 1 x 2 [Open O Top Clip],1 x 2 x 1/3
44865,Brick Special 1 x 2 with Pin - Bottom Stud Holder,1 x 2
4488,Plate Special 2 x 2 with Wheel Holder,2 x 2 x 1/3
4490,Brick Arch 1 x 3,1 x 3
45,Tile 1 x 2 with Ball,1 x 2 x 1/3
4509,Slope 33° 6 x 6 Double (Train Roof),6 x 6
4510,Plate Special 1 x 8 with Door Rail,1 x 8 x 1/3
4515,Slope 10° 6 x 8,6 x 8
45301,Wedge Curved 16 x 4 Triple,16 x 4
45405,Roof Piece 16 x 4 x 5,16 x 4 x 5
45410,Slope Curved 8 x 6 x 2 Inverted Double,8 x 6 x 2
45411,Slope Curved 8 x 6 x 2 Double,8 x 6 x 2
45677,Slope Curved 4 x 4 x 2/3 Triple Curved with 2 Studs,4 x 4 x 2/3
4588,"Brick Round 1 x 1 with Fins, Open Stud",1 x 1
4589,Cone 1 x 1 [No Top Groove],1 x 1
4590,Plate Special 1 x 4 Offset,1 x 4 x 1/3
4591,Brick Round 2 x 2 x 2 with Axle Hole and Fins,2 x 2 x 2
4595,Brick Special 1 x 2 x 2/3 with Studs on Sides,1 x 2 x 2/3
4596,Plate Special 1 x 2 with Long Stud Receptacle (Space Wing),1 x 2 x 1/3
4600,Plate Special 2 x 2 with Wheel Holders,2 x 2 x 1/3
4607,Plate Special 4 x 16 with 24 studs,4 x 16 x 1/3
46212,Brick 1 x 2 x 5 without Side Supports,1 x 2 x 5
4623,Plate Special 1 x 2 with Arm Up [Horizontal Arm 6mm],1 x 2 x 1/3
47116,Brick Special 12 x 24 with 4 Corner Pegs,12 x 24
47117,Brick Special 2 x 2 with Grooves and Top Peg,2 x 2
47122,Brick Special 2 x 24 with 2 End Pegs,2 x 24
4729,"Brick Special 2 x 2 No Studs, Top Pin",2 x 2
4730,Brick Special 2 x 2 with Pin and No Axle Hole,2 x 2
4732,Bracket 8 x 2 x 1 1/3,8 x 2 x 1 x 1/3
4733,Brick Special 1 x 1 Studs on 4 Sides,1 x 1
47376,Brick Round Corner 12 x 12 with 3 Support Pegs,12 x 12
4740,Dish 2 x 2 Inverted [Radar],2 x 2 x 1/3
47406,Wedge Curved Inverted 10 x 6 x 2 Cockpit,10 x 6 x 2
4742,Cone 4 x 4 x 2 Hollow No Studs,4 x 4 x 2
4743,Brick Arch 2 x 8 x 3,2 x 8 x 3
4744,Brick Curved 2 x 4 x 2 Double Curved Top [Plain],2 x 4 x 2
47456,"Wedge Curved 2 x 3 x 2/3 Two Studs, Wing End",2 x 3 x 2/3
47457,Brick Curved 2 x 2 x 2/3 Two Studs and Curved Slope End,2 x 2 x 2/3
47458,"Wedge Curved 1 x 2 x 2/3 No Studs, Wing End",1 x 2 x 2/3
4747,"Brick Special 2 x 4 with Coupling, Male",2 x 4
4748,"Brick Special 2 x 4 with Coupling, Female",2 x 4
47543,Cone Half 8 x 4 x 6,8 x 4 x 6
4770,Brick Round 1 x 1 x 2/3 Light Bulb Cover,1 x 1 x 2/3
47720,Plate Special 2 x 2 with Wheels Holder Wide - Technic Pins,2 x 2 x 1/3
47753,Wedge Curved 4 x 4 No Top Studs,4 x 4
47757,Wedge Sloped 4 x 4 Pyramid Center,4 x 4
47759,Wedge Sloped 45° 2 x 4 Triple,2 x 4
47846,Brick Curved 10 x 4 x 2 Cockpit,10 x 4 x 2
47855,Brick Special 2 x 12 with 2 End Pegs,2 x 12
47905,Brick Special 1 x 1 with Studs on 2 Sides,1 x 1
47974,Brick Round Corner 4 x 8 Full Brick Double,4 x 8
47976,Brick Special 12 x 12 with 3 Pin Holes on Each Side and Vertical Peg at Each Corner,12 x 12
47993,Boat Deck Brick 8 x 3 x 4 Railing,8 x 3 x 4
47998,Plate Special 4 x 4 with Clips Horizontal,4 x 4 x 1/3
48092,Brick Round Corner 4 x 4 Macaroni Wide with 3 Studs,4 x 4
48165,Wedge Sloped 45° 3 x 3 Right,3 x 3
48288,Tile 8 x 16 with Bottom Tubes on Edges,8 x 16 x 1/3
48336,Plate Special 1 x 2 [Side Handle Closed Ends],1 x 2 x 1/3
4854,Slope Inverted 45° 4 x 4 Double,4 x 4
4855,Wedge Sloped Inverted 4 x 4 Triple [2 Connections between Front Studs],4 x 4
4856,Wedge Sloped Inverted 6 x 4 with 2 Stud Connections,6 x 4
4858,Wedge Sloped 4 x 4 Taper,4 x 4
4861,Slope 45° 3 x 4 Double / 33°,3 x 4
4871,Slope Inverted 45° 4 x 2 Double,4 x 2
48933,"Wedge Sloped 4 x 4 Triple, Stud Notches",4 x 4
48995,Tile Special 3 x 2 with Hole,3 x 2 x 1/3
49153,Tile Special 2 x 2 with Top Pin [Squared Holes],2 x 2 x 1/3
4920,Brick Special 1 x 2 with Rotation Joint Pin,1 x 2
49307,"Brick Curved 1 x 1 x 2/3 Double Curved Top, No Studs",1 x 1 x 2/3
49308,Brick Round 3 x 3 Dome with Center Stud,3 x 3
49309,Cone 2 x 2 x 2 Inverted,2 x 2 x 2
49311,Brick 1 x 4 x 3,1 x 4 x 3
49523,"Brick Curved 2 x 4 with Heavily Curved Ends, Shoulder Pad Design with Two Studs on the Outside",2 x 4
49612,Brick Round Corner 4 x 4 x 3 Dome Top,4 x 4 x 3
49618,Slope 25° 1 x 8 x 3,1 x 8 x 3
49668,Plate Special 1 x 1 with Tooth,1 x 1 x 1/3
49699,Brick 1 x 6 x 4 with 4 Pinholes and Cutout,1 x 6 x 4
4974,Tile 8 x 16 with Smooth Surface,8 x 16 x 1/3
49757,"Key Chain, Chrome Chain and Ring with 2 x 4 Brick",2 x 4
50373,Wedge 3 x 4 [Stud Notches],3 x 4
5066,Plate Special 2 x 2 with Horizontal T-Bar Underneath,2 x 2 x 1/3
50855,"Brick, Soft 2 x 4 with Curved Top",2 x 4
50948,"Wedge Curved 4 x 3 Cut Back with Cutout, Two Studs [Plain]",4 x 3
50950,Slope Curved 3 x 1 No Studs,3 x 1
50955,Wedge Curved 10 x 3 Left,10 x 3
50956,Wedge Curved 10 x 3 Right,10 x 3
50967,Brick Arch 8 x 1 x 1 2/3 Curved,8 x 1 x 1
50990,Dish 10 x 10 Inverted (Radar) with Hollow Studs,10 x 10 x 1/3
5117,Slope Inverted 45° 6 x 8 Double with Pin Holes on Sides,6 x 8
5118,Aircraft Fuselage 6 x 8 Bottom with 4 Pin Holes,6 x 8
5121,Aircraft Fuselage 6 x 8 Top,6 x 8
5152,Brick Round Corner 3 x 3 Macaroni with 2 Studs,3 x 3
5174,Brick Curved Double 2 x 4 Inverted,2 x 4
52031,Slope Curved 4 x 6 x 2/3 Triple Curved with 4 Studs,4 x 6 x 2/3
52040,Brick Special 12 x 12 with 3 Pin Holes on each Side and Axle Holes in Corners,12 x 12
52107,Brick Special 1 x 2 with Studs on 2 Sides,1 x 2
53119,Plate Round 1 x 1 Swirled Top / Poo,1 x 1 x 1/3
53540,"Brick Special 1 x 2 with 2 Pins, Square Pin Holes",1 x 2
54091,Slope Curved 8 x 8 x 2 Inverted Double,8 x 8 x 2
54095,Slope Curved 8 x 8 x 2 Double,8 x 8 x 2
54200,Slope 30° 1 x 1 x 2/3 (Cheese Slope),1 x 1 x 2/3
5489,Brick Round 2 x 2 D. Tube with 45° Elbow and Axle Holes (Crossholes) at Each End [LONG],2 x 2
57587,Brick Round 7 x 7 x 4 Dome Top,7 x 7 x 4
58181,Slope 33° 3 x 6 No Inner Walls,3 x 6
58846,"Brick Round Corner 10 x 10 with Slope 33° Edge, Axle Hole, Facet Cutout",10 x 10
58947,"Cylinder 9 x 4 x 2 Tapered with Flat Bottom, Pin Holes",9 x 4 x 2
59900,Cone 1 x 1 [Top Groove],1 x 1
6003,Plate Round Corner 6 x 6,6 x 6 x 1/3
6005,Brick Arch 1 x 3 x 2 Curved Top,1 x 3 x 2
60189,Braille Brick 2 x 4 with 1 Stud ⠁,2 x 4
6019,Plate Special 1 x 1 with Clip Horizontal [Thick U Clip],1 x 1 x 1/3
60190,Braille Brick 2 x 4 with 2 Studs ⠃,2 x 4
60191,Braille Brick 2 x 4 with 2 Studs ⠉,2 x 4
60192,Braille Brick 2 x 4 with 3 Studs ⠙,2 x 4
60207,Braille Brick 2 x 4 with 2 Studs ⠑,2 x 4
60220,Braille Brick 2 x 4 with 3 Studs ⠋,2 x 4
60221,Braille Brick 2 x 4 with 4 Studs ⠛,2 x 4
60222,Braille Brick 2 x 4 with 3 Studs ⠓,2 x 4
60223,Braille Brick 2 x 4 with 2 Studs ⠊,2 x 4
60224,Braille Brick 2 x 4 with 3 Studs ⠚,2 x 4
60225,Braille Brick 2 x 4 with 2 Studs ⠅,2 x 4
60226,Braille Brick 2 x 4 with 3 Studs ⠇,2 x 4
60227,Braille Brick 2 x 4 with 3 Studs ⠍,2 x 4
60228,Braille Brick 2 x 4 with 4 Studs ⠝,2 x 4
60229,Braille Brick 2 x 4 with 3 Studs ⠕,2 x 4
60230,Braille Brick 2 x 4 with 4 Studs ⠏,2 x 4
60231,Braille Brick 2 x 4 with 5 Studs ⠟,2 x 4
60232,Braille Brick 2 x 4 with 4 Studs ⠗,2 x 4
60233,Braille Brick 2 x 4 with 3 Studs ⠎,2 x 4
60234,Braille Brick 2 x 4 with 4 Studs ⠞,2 x 4
60235,Braille Brick 2 x 4 with 3 Studs ⠖,2 x 4
60237,Braille Brick 2 x 4 with 2 Studs ⠌,2 x 4
60238,Braille Brick 2 x 4 with 3 Studs ⠥,2 x 4
60239,Braille Brick 2 x 4 with 4 Studs ⠧,2 x 4
60240,Braille Brick 2 x 4 with 4 Studs ⠭,2 x 4
60243,Braille Brick 2 x 4 with 5 Studs ⠽,2 x 4
60244,Braille Brick 2 x 4 with 4 Studs ⠵,2 x 4
60289,Braille Brick 2 x 4 with 5 Studs ⠯,2 x 4
60290,Braille Brick 2 x 4 with 6 Studs ⠿,2 x 4
60291,Braille Brick 2 x 4 with 5 Studs ⠷,2 x 4
60292,Braille Brick 2 x 4 with 4 Studs ⠮,2 x 4
60293,Braille Brick 2 x 4 with 5 Studs ⠾,2 x 4
60294,Braille Brick 2 x 4 with 4 Studs ⠶,2 x 4
60295,Braille Brick 2 x 4 with 4 Studs ⠼,2 x 4
60297,Braille Brick 2 x 4 with 2 Studs ⠤,2 x 4
60305,Braille Brick 2 x 4 with 2 Studs ⠡,2 x 4
60311,Braille Brick 2 x 4 with 3 Studs ⠣,2 x 4
60312,Braille Brick 2 x 4 with 3 Studs ⠩,2 x 4
6032,Brick Special Octagonal 2 x 3 x 1 2/3 Sloped,2 x 3 x 1
60329,Braille Brick 2 x 4 with 4 Studs ⠹,2 x 4
60330,Braille Brick 2 x 4 with 3 Studs ⠱,2 x 4
60331,Braille Brick 2 x 4 with 4 Studs ⠫,2 x 4
60332,Braille Brick 2 x 4 with 5 Studs ⠻,2 x 4
6037,Brick Special Octagonal 2 x 2 x 3 1/3,2 x 2 x 3
6039,"Cone 2 x 2 x 1 2/3 Octagonal, Open Stud",2 x 2 x 1
6042,Brick Special Octagonal 2 x 2 x 3 1/3 with Side Studs,2 x 2 x 3
6043,Brick Special Octagonal 2 x 2 x 3 1/3 Corner,2 x 2 x 3
6044,Slope 53° 3 x 1 x 3 1/3 with Studs on Slope,3 x 1 x 3
60470,Plate Special 1 x 2 with Clips Horizontal [Thick U-Clips],1 x 2 x 1/3
60474,Plate Round 4 x 4 with Pin Hole,4 x 4 x 1/3
60475,"Brick Special 1 x 1 with Clip Vertical [Thick U Clip, Solid Stud]",1 x 1
60476,Brick Special 1 x 1 with Clip Horizontal,1 x 1
60477,Slope 18° 4 x 1,4 x 1
60478,Plate Special 1 x 2 with Handle on End [Closed Ends],1 x 2 x 1/3
60479,Plate 1 x 12,1 x 12 x 1/3
60481,Slope 65° 2 x 1 x 2,2 x 1 x 2
6056,Brick Special 2 x 2 x 6 with Groove,2 x 2 x 6
6058,Wedge Sloped Inverted 11 x 4 x 2 2/3 Cockpit,11 x 4 x 2
60583,"Brick Special 1 x 1 x 3 with 2 Clips Vertical [Solid Stud, Thick U Clips]",1 x 1 x 3
6060,Brick Arch 1 x 6 x 3 1/3 Curved Top,1 x 6 x 3
6061,Brick 2 x 4 x 2 with Holes on Sides without Struts,2 x 4 x 2
6063,Plate Special 10 x 10 Octagonal Opening,10 x 10 x 1/3
6069,"Wedge Sloped 4 x 4 Triple, No Stud Notches",4 x 4
6081,Brick Curved 2 x 4 x 1 1/3 with Curved Top,2 x 4 x 1
6087,Bracket 5 x 2 x 2 1/3,5 x 2 x 2 x 1/3
60897,Plate Special 1 x 1 with Clip Vertical [Thick Open O Clip],1 x 1 x 1/3
6091,Brick Curved 1 x 2 x 1 1/3 with Curved Top,1 x 2 x 1
61068,Slope Brick Curved 2 x 4 x 2/3 No Studs [No Bottom Tubes],2 x 4 x 2/3
6107,Wedge 5 x 5 Facet,5 x 5
61072,Plate Special 1 x 4 with Angled Tubes,1 x 4 x 1/3
6108,Brick Arch 1 x 12 x 3,1 x 12 x 3
6111,Brick 1 x 10,1 x 10
6112,Brick 1 x 12,1 x 12
61252,Plate Special 1 x 1 with Clip Horizontal [Thick Open O Clip],1 x 1 x 1/3
61287,Dome Hemisphere 2 x 2 with Cutout,2 x 2
61406,Plate Special 1 x 2 with Angular Extension and Flexible Tip [Plain],1 x 2 x 1/3
61409,Slope 18° 2 x 1 x 2/3 with 4 Slots,2 x 1 x 2/3
6141,Plate Round 1 x 1 with Solid Stud,1 x 1 x 1/3
61487,Slope Curved 4 x 4 x 2 with Holes,4 x 4 x 2
6153,"Wedge Sloped 6 x 4 Cutout, No Stud Notches",6 x 4
6157,Plate Special 2 x 2 with Wheels Holder Wide,2 x 2 x 1/3
6162,Brick Round Corner 12 x 12,12 x 12
61678,Slope Curved 4 x 1 No Studs [Stud Holder with Asymmetric Ridges],4 x 1
6178,Plate Special 6 x 12 with Studs on 3 Edges,6 x 12 x 1/3
6179,Plate Special 4 x 4 with Studs on One Edge [Plain],4 x 4 x 1/3
6180,Plate Special 4 x 6 with Studs on 3 Edges,4 x 6 x 1/3
6182,Brick Arch 1 x 4 x 2,1 x 4 x 2
6183,Brick Arch 1 x 6 x 2 Curved Top,1 x 6 x 2
6184,Brick Arch 1 x 12 x 5 Curved Top,1 x 12 x 5
6191,"Brick Curved 1 x 4 x 1 1/3 No Studs, Curved Top",1 x 4 x 1
6192,"Brick Curved 2 x 4 No Studs, Curved Top, without Groove",2 x 4
6205,Plate Special 6 x 16 with Studs on 3 Edges,6 x 16 x 1/3
6212,Brick 4 x 10,4 x 10
6213,Brick 2 x 6 x 3,2 x 6 x 3
6214,Brick Curved 2 x 8 x 4 with Triple Curved Ends,2 x 8 x 4
6215,Brick Curved 2 x 3 with Curved Top,2 x 3
6216,"Brick Curved 2 x 4 x 2 No Studs, Triple Curved Top",2 x 4 x 2
6222,Brick Round 4 x 4 with 4 Side Pin Holes and Center Axle Hole,4 x 4
6223,Brick 2 x 2 without Inside Ridges,2 x 2
6232,Brick Special 2 x 2 with Pin and Axle Hole,2 x 2
6233,Cone 3 x 3 x 2,3 x 3 x 2
6249,Brick Special 2 x 4 with Pins,2 x 4
6259,Cylinder Half 2 x 4 x 4,2 x 4 x 4
62743,Plate Special 2 x 16 with Angled Side Extensions and Hole (Rotor Blade),2 x 16 x 1/3
63082,"Plate Special 2 x 2 with Towball Socket, Short, Flattened with Holes and Axle Hole in Center",2 x 2 x 1/3
631448,Plate Special 10 x 13 Cutout with Adhesive Backside,10 x 13 x 1/3
63864,Tile 1 x 3,1 x 3 x 1/3
63868,Plate Special 1 x 2 with Clip Horizontal on End,1 x 2 x 1/3
64225,Wedge Curved 4 x 3 No Studs [Plain],4 x 3
64867,Wedge 4 x 4 Fractured Polygon Top,4 x 4
65068,"Plate Special 6 x 8 x 1 with Bar, Door",6 x 8 x 1 x 1/3
65138,Dish 4 x 4 with 4 Studs,4 x 4 x 1/3
65140,Plate Round Corners 8 x 8,8 x 8 x 1/3
65186,"Brick Special 4 x 10 x 1 With 2 Wedges, Pin Holes",4 x 10 x 1
65196,Plate Special Book 11 x 16,11 x 16 x 1/3
65200,Plate Special Book Cover Back 6 x 16,6 x 16 x 1/3
6541,Technic Brick 1 x 1 with Pin Hole,1 x 1
65473,Brick Round 2 x 2 D. Tube with 45° Elbow and Axle Holes (Crossholes) at Each End [SHORT],2 x 2
65474,Tile 6 x 8 with Rounded Corners,6 x 8 x 1/3
65509,Plate Special 2 x 4 with Groove and Two Center Studs (Jumper),2 x 4 x 1/3
65547,Braille Brick 2 x 4 with 4 Studs ⠳,2 x 4
65548,Braille Brick 2 x 4 with 3 Studs ⠪,2 x 4
65549,Braille Brick 2 x 4 with 4 Studs ⠺,2 x 4
65550,Braille Brick 2 x 4 with 3 Studs ⠲,2 x 4
65551,Braille Brick 2 x 4 with 1 Stud ⠄,2 x 4
65552,Braille Brick 2 x 4 with 1 Stud ⠂,2 x 4
65555,Braille Brick 2 x 4 with 3 Studs ⠦,2 x 4
65556,Braille Brick 2 x 4 with 2 Studs ⠨,2 x 4
65557,Braille Brick 2 x 4 with 1 Studs ⠠,2 x 4
65558,Braille Brick 2 x 4 with 2 Studs ⠒,2 x 4
65559,Braille Brick 2 x 4 with 1 Stud ⠐,2 x 4
65563,Braille Brick 2 x 4 with 2 Studs ⠔,2 x 4
65617,Brick Round Corner 3 x 3 x 1 with Bottom Cut Outs [No Studs] [1/4 Arch],3 x 3 x 1
6564,Wedge 3 x 2 Right,3 x 2
6565,Wedge 3 x 2 Left,3 x 2
65700,Plate Special Round 2 x 2 with Melting Drops on Sides,2 x 2 x 1/3
65702,Plate Special Round 4 x 4 with Melting Drops on Sides,4 x 4 x 1/3
65734,Brick Curved 1 x 4 x 3,1 x 4 x 3
6576,Plate Special 4 x 8 with Studs in Centre,4 x 8 x 1/3
65803,Brick Special 16 x 16 x 1 1/3 with Pinholes,16 x 16 x 1
65886,Tile Special 2 x 3 with 2 Clips without Tab between Clips,2 x 3 x 1/3
66252,Plate Special 4 x 4 with Studs on Edges and Clips Horizontal,4 x 4 x 1/3
6636,Tile 1 x 6 with Groove,1 x 6 x 1/3
66787,Pipe 6 x 6 (Warp Pipe),6 x 6
66855,Brick Special Cube with 2 x 2 Studs on Top [Plain],2 x 2
66857,Tile Round 2 x 4,2 x 4 x 1/3
66897,"Plate Special 1 x 2 with Wheel Holder, Reinforced Underside",1 x 2 x 1/3
66956,Slope Curved 2 x 2 with Stud Notches,2 x 2
66961,Plate Special 2 x 2 with 4 Side Handles Closed Ends,2 x 2 x 1/3
67013,Wedge Sloped 4 x 4 with White Underside Pattern (Koopa Troopa Shell),4 x 4
67075,Plate Special Swing 6 x 2 x 5 1/3,6 x 2 x 5 x 1/3
67095,Tile Round 3 x 3,3 x 3 x 1/3
67211,"Tile 1 x 1, Random DOTS Series 2 Print",1 x 1 x 1/3
67216,"Tile Round 1 x 1, Random DOTS Mega Pack 1 Print",1 x 1 x 1/3
67217,"Tile Round 1 x 1, Random DOTS Mega Pack 2 Print",1 x 1 x 1/3
67222,Tile Round 1 x 1 Random DOTS Series 1 Print,1 x 1 x 1/3
67329,Brick Special 1 x 2 x 1 2/3 with 8 Studs on 3 Sides,1 x 2 x 1
67401,Tile 2 x 2 Pack for 40503-1,2 x 2 x 1/3
67440,Slope Inverted 60° 1 x 4 x 3,1 x 4 x 3
67687,Plate Special 2 x 2 with Wheel Holders with Cross (+) Slots on Pins,2 x 2 x 1/3
67688,Plate Special 2 x 2 with Wheel Holder with Widened Center Pin,2 x 2 x 1/3
678,Homemaker Awning 2 x 6,2 x 6
67810,Brick Curved 2 x 2 x 1 1/3 with Curved Top - Corner,2 x 2 x 1
67931,Wedge Sloped 4 x 4 with Diamond Spikes with White Underside Pattern,4 x 4
67950,Cylinder Half 3 x 6 x 6 Closed on Top with 2 Studs,3 x 6 x 6
68013,"Brick Round, Half 1 x 2",1 x 2
68325,Brick Round 4 x 4 with Recessed Center,4 x 4
68382,Plate 1 x 4 with 2 Bottom Pins,1 x 4 x 1/3
6881,Tile 6 x 6 without Bottom Tubes,6 x 6 x 1/3
68881,Dish Round 5 x 10 x 1 2 / 3 Half Circle Curved,5 x 10 x 1 x 1/3
69182,"Die - 6 Sided with 3 x 3 Centre Studs, and Ring (DOTS)",3 x 3
6919,Dish 2 x 2 with Angled Bar,2 x 2 x 1/3
69234,Brick Special 2 x 3 x 3 with Cutout and Lion Head [Solid Studs],2 x 3 x 3
6942,Dish 5 x 5,5 x 5 x 1/3
69729,Tile 2 x 6,2 x 6 x 1/3
69934,Plate Special 10 x 16 with Studs on Edges and Bar Handles on 1 Side,10 x 16 x 1/3
69963,Plate Special 2 x 4 with Steering Bar,2 x 4 x 1/3
700,Brick 10 x 20 [Undetermined Underside Type],10 x 20
700e,"Brick 10 x 20 without Bottom Tubes, with '+' Cross Support and 4 Side Supports (early Baseplate)",10 x 20
700ed,"Brick 10 x 20 with Bottom Tubes in single row around edge, with '+' Cross Support",10 x 20
700ed2,"Brick 10 x 20 with Bottom Tubes in single row around edge, with dual '+' Cross Supports",10 x 20
700ex,"Brick 10 x 20 without Bottom Tubes, with '+' Cross Support (early Baseplate)",10 x 20
702,Brick 4 x 4 Corner,4 x 4
70681,"Brick Curved, 3 x 1 with 1/3 Inverted Cutout",3 x 1
709,Plate Special 4 x 6 with Hole,4 x 6 x 1/3
71075,Brick Round 1 x 1 x 1 2/3,1 x 1 x 1
711,Plate Special 5 x 6 with Hole,5 x 6 x 1/3
71100,Brick Special 2 x 4 with Spinner Holder,2 x 4
712,Plate Round Corner Left 4 x 8 with Waffle Bottom,4 x 8 x 1/3
713,Plate Round Corner Right 4 x 8,4 x 8 x 1/3
716,Brick Round Corner 2 x 4 Half Round with Cutouts,2 x 4
71727,"Brick, Soft 2 x 2 with Curved Top",2 x 2
71771,Slope Curved 5 x 8 x 2/3 with No Studs on Top,5 x 8 x 2/3
72040,Cone 4 x 4 x 6.667 Drill with Grey Peghole,4 x 4 x 6
72045,"Plate Special, Book 10 x 12 with Key Hole",10 x 12 x 1/3
72046,Tile Round 1 x 1 with Molded Trans-Bright Pink Star,1 x 1 x 1/3
72078,Tile 1 x 1 with Molded Glitter Trans-Clear Opal Diamond,1 x 1 x 1/3
72454,Slope Inverted 45° 4 x 4 Double with 2 Holes,4 x 4
728,Plate 8 x 11,8 x 11 x 1/3
73002,"Tile 1 x 1, Random DOTS Series 3 Print",1 x 1 x 1/3
73090,Brick Special 2 x 6 x 2 Weight with Bottom Openings and Center Seams on Ends,2 x 6 x 2
73095,"Tile Round 1 x 1, Random DOTS Series 4 Print",1 x 1 x 1/3
73099,"Tile Pack 1 x 1 Half Circle, Random DOTS Series 4 Print",1 x 1 x 1/3
73110,Plate 6 x 6 with 5 Center Holes,6 x 6 x 1/3
73210,Tile Special 2 x 4 with Pixelated Mario Print,2 x 4 x 1/3
73230,Technic Brick 1 x 1 with Axle Hole,1 x 1
733,"Brick 10 x 10 without Bottom Tubes, without Cross Supports",10 x 10
733ex,"Brick 10 x 10 without Bottom Tubes, with '+' Cross Support (early Baseplate)",10 x 10
73562,Bracket 3 x 2 x 1 1/3 with Bottom Stud Holder,3 x 2 x 1 x 1/3
73682,"Brick Curved, Internal Double, 3 x 3 with 1/3 Inverted Cutout, Corner",3 x 3
737,Plate Special 2 x 4 with Train Coupler Closed for Hook,2 x 4 x 1/3
73715,Wedge Sloped 4 x 4 with Pin Holes and White Underside Pattern (Para-Koopa Shell),4 x 4
73764,Brick Special 2 x 2 x 1 2/3 with Worm Gear Hole,2 x 2 x 1
7370,Plate Special 2 x 4 with Train Coupler Open with Hook,2 x 4 x 1/3
73701,Plate Special 2 x 4 with Train Coupler Closed with Hook,2 x 4 x 1/3
74166,"Brick Special 8 x 16 x 2/3, Two Rounded Corners, Reduced Stud Sections",8 x 16 x 2/3
74611,Plate Round 8 x 8,8 x 8 x 1/3
74698,Tile Round 2 x 2 - Thick Lifting Ring,2 x 2 x 1/3
753,"Plate Special 2 x 4 with Train Coupler, Open for Magnet [Reinforced]",2 x 4 x 1/3
75538,"Slope Curved 8 x 8 x 4, Ramp",8 x 8 x 4
75937,"Plate Special 2 x 2 with Bar Frame Octagonal, Reinforced, Completely Round Studs",2 x 2 x 1/3
767,Train Track Sleeper Plate 2 x 8 without Cable Grooves,2 x 8 x 1/3
76766,Bracket 5 x 2 x 2 1/3 with Inside Stud Holder,5 x 2 x 2 x 1/3
76768,"Brick Arch 1 x 5 x 4 [Irregular Bow, Raised Underside Cross Supports]",1 x 5 x 4
76776,Brick Round Corner 5 x 5 x 3 1/3 Dome Top [Plain],5 x 5 x 3
76795,Brick Round Corner 5 x 5 x 1 with Bottom Cut Outs [No Studs Flat Top][1/4 Arch],5 x 5 x 1
76797,"Brick Round Corner, Curved 3 x 3 x 1 Quarter Circle",3 x 3 x 1
76959,"Slope Inverted 45° 2 x 2 [Round Hollow Bottom Pin, Bar-sized Stud Holes]",2 x 2
77180,Slope Curved 10 x 2 x 2 with Curved End Left,10 x 2 x 2
77182,Slope Curved 10 x 2 x 2 with Curved End Right,10 x 2 x 2
772,Brick 1 x 2 x 2 with Hollow Underside,1 x 2 x 2
7720,Brick 1 x 2 x 2 without Bottom Tube with Train Window Print,1 x 2 x 2
77485,"Tile Round 1 x 1, Random DOTS Series 5 Print",1 x 1 x 1/3
77808,Brick Special 1 x 2 Rounded  with Center Bars,1 x 2
77813,Tile Round 1 x 1 Special with Clip-Bar,1 x 1 x 1/3
77822,"Slope Curved 8 x 15 x 6, Ramp",8 x 15 x 6
77834,Brick Special 2 x 4 x 5 with Spring,2 x 4 x 5
77844,Plate 3 x 3 Corner,3 x 3 x 1/3
77845,Plate Special 1 x 4 Rounded with 2 Open Studs,1 x 4 x 1/3
77850,Plate Special 1 x 3 Rounded with 3 Open Studs,1 x 3 x 1/3
78168,Plate Special 2 x 6 with Wall Mount Hook,2 x 6 x 1/3
78256,Plate Special 1 x 2 with Clip Vertical on End,1 x 2 x 1/3
78257,Plate Special 1 x 1 with Handle on 2 Ends,1 x 1 x 1/3
78329,Plate 1 x 5,1 x 5 x 1/3
78666,Brick Curved 2 x 1 with Inverted Cutout,2 x 1
78886,Wedge Sloped 65° 2 x 2 x 2 Corner,2 x 2 x 2
79194,Plate Round 1 x 1 with Hollow Stud and Bar on Underside - Long Space,1 x 1 x 1/3
79393,"Tile 3 x 3 Curved, Macaroni",3 x 3 x 1/3
79756,"Brick Curved 1 x 4 x 2/3 Double Curved Top, No Studs",1 x 4 x 2/3
79757,Brick Curved 2 x 2 x 2/3 Corner Double Curved Top No Studs,2 x 2 x 2/3
79759,Plate Special 8 x 8 with Adhesive Backside,8 x 8 x 1/3
79897,"Brick Special 2 x 5 with Slope, Studs on Side",2 x 5
79987,Plate Special 1 x 3 with 2 Clips on Top,1 x 3 x 1/3
79998,Plate Special 6 x 6 Flexible with Stiching Border,6 x 6 x 1/3
80029,Tower Roof 2 x 4 x 4 Half Cone Shaped with Roof Tiles and Window,2 x 4 x 4
80031,Plate 10 x 10 with Rounded End,10 x 10 x 1/3
80177,Slope Curved 3 x 2 with Stud Notch Left,3 x 2
80178,Slope Curved 3 x 2 with Stud Notch Right,3 x 2
80394,Brick Special 4 x 6 x 4 (4+ Cockpit),4 x 6 x 4
80431,Brick Special 1 x 2 x 1 1/3 with Rotation Joint Socket,1 x 2 x 1
80488,"Brick Special 1 x 2 with Bar, Hand with 4 Fingers",1 x 2
80543,Brick Arch 1 x 4 x 3,1 x 4 x 3
80545,Slope 45° 2 x 4 x 1 1/3 Double,2 x 4 x 1
80796,Brick Special 1 x 2 x 1 2/3 with Four Studs on 2 Sides,1 x 2 x 1
83496,Tile Special 4 x 8 Inverted,4 x 8 x 1/3
85080,Brick Round Corner 2 x 2 Macaroni with Stud Notch and Reinforced Underside [New Style],2 x 2
85834,Slope Curved 4 x 5 x 1 2/3,4 x 5 x 1
85861,Plate Round 1 x 1 with Open Stud,1 x 1 x 1/3
85970,Brick Curved 10 x 1 [Asymmetric Inside Ridges],10 x 1
85984,Slope 30° 1 x 2 x 2/3,1 x 2 x 2/3
86148,Wedge Sloped 4 x 4 Triple with 3 Ridges on Slope,4 x 4
86500,Dome Hemisphere 4 x 4,4 x 4
86876,Brick Special 1 x 2 with 1 Center Stud on 1 Side,1 x 2
87079,Tile 2 x 4 with Groove,2 x 4 x 1/3
87081,Brick Round 4 x 4 [Centre Hole],4 x 4
87087,Brick Special 1 x 1 with Stud on 1 Side,1 x 1
87559,Brick Round Corner 6 x 6 x 2,6 x 6 x 2
87580,Plate Special 2 x 2 with Groove and Center Stud (Jumper),2 x 2 x 1/3
87620,Wedge 2 x 2 Facet,2 x 2
88000,Plate Special 2 x 4 with 2 Studs and Curved Sides (Minifig Stand),2 x 4 x 1/3
88072,Plate Special 1 x 2 with Arm Up [Horizontal Arm 5mm],1 x 2 x 1/3
88292,Brick Arch 1 x 3 x 2,1 x 3 x 2
88293,Brick Round Corner 3 x 3 x 2 Dome Top,3 x 3 x 2
88393,Brick Special 1 x 2 x 5 with Groove,1 x 2 x 5
88930,"Slope Brick Curved 2 x 4 x 2/3 No Studs, with Bottom Tubes",2 x 4 x 2/3
89523,Plate Special 10 x 10 Octagonal with Hole,10 x 10 x 1/3
90258,Brick Special 2 x 2 with Grooves and Axle Hole,2 x 2
90498,Tile 8 x 16 with Bottom Tubes,8 x 16 x 1/3
91405,Plate 16 x 16,16 x 16 x 1/3
91988,Plate 2 x 14,2 x 14 x 1/3
92280,Plate Special 1 x 2 [Top Clip],1 x 2 x 1/3
92438,Plate 8 x 16,8 x 16 x 1/3
92593,Plate Special 1 x 4 with 2 Studs,1 x 4 x 1/3
92692,Plate Special 1 x 2 with Angled Handles on Side,1 x 2 x 1/3
92946,Slope 45° 2 x 1 with 2/3 Cutout [Original Version],2 x 1
92947,Brick Round 2 x 2 [Grill],2 x 2
92950,Brick Arch 1 x 6 Raised Arch,1 x 6
93168,Cylinder 3 x 6 x 2 2/3 Horizontal Solid Studs,3 x 6 x 2
93273,Slope Curved 4 x 1 Double with No Studs,4 x 1
93348,"Wedge Sloped 4 x 4 Taper, with Stud Notches",4 x 4
93604,Slope Curved 3 x 4 x 2/3 Triple Curved with 2 Sunk Studs,3 x 4 x 2/3
93606,Slope Curved 4 x 2 No Studs,4 x 2
93794,Tile Special 1 x 1 with Clip with Rounded Tips and Center Cut,1 x 1 x 1/3
95188,Brick Round Corner 6 x 6 with 33° Slope and Facet Cutout,6 x 6
962,Slope 45° 2 x 2 Double Convex / Double Concave,2 x 2
967,Plate Special 4 x 8 with Helicopter Rotor Holder,4 x 8 x 1/3
98100,Brick Round 2 x 2 Truncated Cone,2 x 2
98138,Tile Round 1 x 1,1 x 1 x 1/3
98263,Plate Special 1 x 4 with Coupling Link Double,1 x 4 x 1/3
98283,Brick Special 1 x 2 with Masonry Brick Profile,1 x 2
98284,Plate Round 2 x 2 with Pin Hole and 4 Arms Up,2 x 2 x 1/3
98549,Tile Special 2 x 2 with Bar and Stud with Stop Ring,2 x 2 x 1/3
98560,Slope 75° 2 x 2 x 3 [Solid Studs],2 x 2 x 3
98606,Dish 9 x 9 Inverted with Pin Hole (Radar),9 x 9 x 1/3
98876,"Cockpit 4 x 2 x 3 with Pin Hole, and 2 Clips",4 x 2 x 3 x 1/3
99301,Slope 33° 3 x 3 Double Concave,3 x 3
99563,Tile Special 1 x 2 with Sloped Walls AKA Money / Gold Bar [Ingot],1 x 2 x 1/3
f,Brick Curved 1 x 4 x 2 Fabuland Bell Shape,1 x 4 x 2
m3001,Minitalia Brick 2 x 4 with Centre Cross Supports,2 x 4
m3003,Minitalia Brick 2 x 2 with Bottom X Support,2 x 2
000,Tile Special 1 x 2 x 5/6 with Stud Hole in End Plain,1 x 2 x 5/6 x 1/3
001,"Brick 2 x 12 without Bottom Tubes, 1 End Slot",2 x 12
003,"Brick 2 x 14 without Bottom Tubes, 1 End Slot",2 x 14
004,"Brick 2 x 4 without Bottom Tubes, Slotted (with 1 slot)",2 x 4
008,Plate Special 1 x 2 with Finger and Key Chain,1 x 2 x 1/3
016,"Key Chain, Chrome Chain and Ring with 2 x 6 Brick",2 x 6
017,Brick Round Corner 2 x 4 without Stud Notches,2 x 4
032,Minitalia Arch 2 x 10 x 2 with Bottom X Support,2 x 10 x 2
041,"Brick 2 x 2 with String 19L, Metal Key Chain",2 x 2
057,Braille Brick 2 x 4 with 3 Studs ⠜ and 'Ä' print,2 x 4
